Feature,MeanAbsSHAP
type_CASH_IN,174645.3279156806
amount_to_balance_ratio,90060.2529237676
oldbalanceOrg,40124.63451244413
hour,13999.735357039148
amount,12021.325500126117
type_PAYMENT,4162.497701116386
oldbalanceDest,2417.2286913816133
type_TRANSFER,398.74717516002386
balance_zero_both,0.221889842477659
type_DEBIT,0.03258292104262879
