{
  "Not Fraud": {
    "precision": 0.9998367321184205,
    "recall": 0.999509568151892,
    "f1-score": 0.9996731233673419,
    "support": 1268270.0
  },
  "Fraud": {
    "precision": 0.8667808952666524,
    "recall": 0.9513399153737658,
    "f1-score": 0.9070940266726437,
    "support": 4254.0
  },
  "accuracy": 0.9993485388094842,
  "macro avg": {
    "precision": 0.9333088136925365,
    "recall": 0.9754247417628289,
    "f1-score": 0.9533835750199928,
    "support": 1272524.0
  },
  "weighted avg": {
    "precision": 0.9993919314467101,
    "recall": 0.9993485388094842,
    "f1-score": 0.9993636349197061,
    "support": 1272524.0
  }
}