{
  "auprc_original": 0.7416604225147626,
  "auprc_shuffled": 0.0033025014053843205,
  "positive_ratio": 0.0033429624902948786,
  "ok": true,
  "tolerance": 0.01
}